<application>
  <component name="DesignSurface">
    <option name="filePathToZoomLevelMap">
      <map>
        <entry key="..\:/Users/Jistro/Documents/GitHub/Apps_moviles/03 Trabajando Multiples Actividades/DevolucionResOtras/app/src/main/res/layout/activity_main.xml" value="0.20833333333333334" />
        <entry key="..\:/Users/Jistro/Documents/GitHub/Apps_moviles/03 Trabajando Multiples Actividades/DevolucionResOtras/app/src/main/res/layout/activity_second.xml" value="0.20833333333333334" />
        <entry key="..\:/Users/Jistro/Documents/GitHub/Apps_moviles/03 Trabajando Multiples Actividades/PaseDeDatosAct/app/src/main/res/layout/activity_calculate.xml" value="0.20833333333333334" />
        <entry key="..\:/Users/Jistro/Documents/GitHub/Apps_moviles/03 Trabajando Multiples Actividades/PaseDeDatosAct/app/src/main/res/layout/activity_main.xml" value="0.20833333333333334" />
        <entry key="..\:/Users/Jistro/Documents/GitHub/Apps_moviles/03 Trabajando Multiples Actividades/ProyectoDeDemostracion/app/src/main/res/layout/activity_main.xml" value="0.19427083333333334" />
        <entry key="..\:/Users/Jistro/Documents/GitHub/Apps_moviles/03 Trabajando Multiples Actividades/ProyectoDemo/app/src/main/res/layout/activity_main.xml" value="0.20833333333333334" />
        <entry key="..\:/Users/Jistro/Documents/GitHub/Apps_moviles/03 Trabajando Multiples Actividades/ProyectoDemo/app/src/main/res/layout/activity_second.xml" value="0.1" />
        <entry key="..\:/Users/Jistro/Documents/GitHub/Apps_moviles/04Elementos de la IU/fragmentos/app/src/main/res/layout/activity_main.xml" value="0.1" />
        <entry key="..\:/Users/Jistro/Documents/GitHub/Apps_moviles/04Elementos de la IU/fragmentos/app/src/main/res/layout/fragment_a.xml" value="0.11503623188405797" />
        <entry key="..\:/Users/Jistro/Documents/GitHub/Apps_moviles/04Elementos de la IU/fragmentos2/app/src/main/res/layout/activity_main.xml" value="0.20833333333333334" />
        <entry key="..\:/Users/Jistro/Documents/GitHub/Apps_moviles/04Elementos de la IU/fragmentos2/app/src/main/res/layout/fragment_a.xml" value="0.20833333333333334" />
        <entry key="..\:/Users/Jistro/Documents/GitHub/Apps_moviles/04Elementos de la IU/temas/app/src/main/res/layout/activity_main.xml" value="0.20833333333333334" />
        <entry key="..\:/Users/Jistro/Documents/GitHub/Apps_moviles/04Elementos de la IU/temas/app/src/main/res/menu/main_manu.xml" value="0.20833333333333334" />
        <entry key="..\:/Users/Jistro/Documents/GitHub/Apps_moviles/04Elementos de la IU/temas/app/src/main/res/menu/main_menu.xml" value="0.1" />
        <entry key="..\:/Users/Jistro/Documents/GitHub/Apps_moviles/05Fragmentos2/fragmentos/app/src/main/res/layout/activity_main.xml" value="0.12771739130434784" />
        <entry key="..\:/Users/Jistro/Documents/GitHub/Apps_moviles/05Fragmentos2/fragmentos/app/src/main/res/layout/fragment_a.xml" value="0.12771739130434784" />
        <entry key="..\:/Users/Jistro/Documents/GitHub/Apps_moviles/05Fragmentos2/fragmentos3/app/src/main/res/drawable/ic_launcher_background.xml" value="0.2234375" />
        <entry key="..\:/Users/Jistro/Documents/GitHub/Apps_moviles/05Fragmentos2/fragmentos3/app/src/main/res/layout/activity_main.xml" value="0.12771739130434784" />
        <entry key="..\:/Users/Jistro/Documents/GitHub/Apps_moviles/05Fragmentos2/fragmentos3/app/src/main/res/layout/fragment_3.xml" value="0.12771739130434784" />
        <entry key="..\:/Users/Jistro/Documents/GitHub/Apps_moviles/06Navegacion/CalculadoraIMC/app/src/main/res/layout/activity_main.xml" value="0.1" />
        <entry key="..\:/Users/Jistro/Documents/GitHub/Apps_moviles/06Navegacion/Jetpack/app/src/main/res/layout/activity_main.xml" value="0.20416666666666666" />
        <entry key="..\:/Users/Jistro/Documents/GitHub/Apps_moviles/06Navegacion/Jetpack/app/src/main/res/layout/fragment_one.xml" value="0.20416666666666666" />
        <entry key="..\:/Users/Jistro/Documents/GitHub/Apps_moviles/06Navegacion/Jetpack/app/src/main/res/layout/fragment_two.xml" value="0.20416666666666666" />
        <entry key="..\:/Users/Jistro/Documents/GitHub/Apps_moviles/06Navegacion/JetpackNavegation/app/src/main/res/layout/activity_main.xml" value="0.20833333333333334" />
        <entry key="..\:/Users/Jistro/Documents/GitHub/Apps_moviles/06Navegacion/JetpackNavegation/app/src/main/res/layout/fragment_blank.xml" value="0.20833333333333334" />
        <entry key="..\:/Users/Jistro/Documents/GitHub/Apps_moviles/06Navegacion/JetpackNavegation/app/src/main/res/layout/fragment_one.xml" value="0.20833333333333334" />
        <entry key="..\:/Users/Jistro/Documents/GitHub/Apps_moviles/06Navegacion/JetpackNavegation/app/src/main/res/layout/fragment_two.xml" value="0.20833333333333334" />
        <entry key="..\:/Users/Jistro/Documents/GitHub/Apps_moviles/06Navegacion/jetpack/app/src/main/res/layout/activity_main.xml" value="0.1" />
        <entry key="..\:/Users/Jistro/Documents/GitHub/Apps_moviles/07Ejecucion en el background/EjecucionBackground/app/src/main/res/layout/activity_main.xml" value="0.25" />
        <entry key="..\:/Users/Jistro/Documents/GitHub/Apps_moviles/Act3/app/src/main/res/layout/activity_main.xml" value="0.25" />
        <entry key="..\:/Users/Jistro/Documents/GitHub/Apps_moviles/Proyecto01_Calculadora_IMC/app/src/main/res/drawable/ic_female_icon.xml" value="0.2234375" />
        <entry key="..\:/Users/Jistro/Documents/GitHub/Apps_moviles/Proyecto01_Calculadora_IMC/app/src/main/res/drawable/ic_man_icon.xml" value="0.2234375" />
        <entry key="..\:/Users/Jistro/Documents/GitHub/Apps_moviles/Proyecto01_Calculadora_IMC/app/src/main/res/layout/activity_main.xml" value="0.33" />
        <entry key="..\:/Users/Jistro/Documents/GitHub/Apps_moviles/ProyectoDemo/app/src/main/res/layout/activity_main.xml" value="0.20833333333333334" />
        <entry key="..\:/Users/Jistro/Documents/GitHub/Apps_moviles/ProyectoDemo/app/src/main/res/layout/activity_second.xml" value="0.20833333333333334" />
        <entry key="..\:/Users/Jistro/Documents/GitHub/Apps_moviles/Proyectos/CalculadoraIMC/app/src/main/res/drawable/ic_rectangle_frame_svgrepo_com.xml" value="0.2234375" />
        <entry key="..\:/Users/Jistro/Documents/GitHub/Apps_moviles/Proyectos/CalculadoraIMC/app/src/main/res/drawable/roundbotton.xml" value="0.1" />
        <entry key="..\:/Users/Jistro/Documents/GitHub/Apps_moviles/Proyectos/CalculadoraIMC/app/src/main/res/drawable/thumb.xml" value="0.22" />
        <entry key="..\:/Users/Jistro/Documents/GitHub/Apps_moviles/Proyectos/CalculadoraIMC/app/src/main/res/drawable/track.xml" value="0.22" />
        <entry key="..\:/Users/Jistro/Documents/GitHub/Apps_moviles/Proyectos/CalculadoraIMC/app/src/main/res/font/fonts.xml" value="0.75" />
        <entry key="..\:/Users/Jistro/Documents/GitHub/Apps_moviles/Proyectos/CalculadoraIMC/app/src/main/res/layout/activity_main.xml" value="0.18518518518518517" />
        <entry key="..\:/Users/Jistro/Documents/GitHub/Apps_moviles/Proyectos/CalculadoraIMC/app/src/main/res/layout/fragment_calculadora_adulto.xml" value="0.20833333333333334" />
        <entry key="..\:/Users/Jistro/Documents/GitHub/Apps_moviles/Proyectos/CalculadoraIMC/app/src/main/res/layout/fragment_calcular_adulto.xml" value="0.25555555555555554" />
        <entry key="..\:/Users/Jistro/Documents/GitHub/Apps_moviles/Proyectos/CalculadoraIMC/app/src/main/res/layout/fragment_calcular_nino.xml" value="0.20833333333333334" />
        <entry key="..\:/Users/Jistro/Documents/GitHub/Apps_moviles/Proyectos/CalculadoraIMC/app/src/main/res/layout/fragment_dashboard.xml" value="0.20833333333333334" />
        <entry key="..\:/Users/Jistro/Documents/GitHub/Apps_moviles/Proyectos/CalculadoraIMC/app/src/main/res/layout/fragment_home.xml" value="0.20833333333333334" />
        <entry key="..\:/Users/Jistro/Documents/GitHub/Apps_moviles/Proyectos/CalculadoraIMC/app/src/main/res/layout/fragment_notifications.xml" value="0.20833333333333334" />
        <entry key="..\:/Users/Jistro/Documents/GitHub/Apps_moviles/Proyectos/CalculadoraIMC/app/src/main/res/layout/fragment_resultado.xml" value="0.67" />
        <entry key="..\:/Users/Jistro/Documents/GitHub/Apps_moviles/Proyectos/CalculadoraIMC/app/src/main/res/layout/fragment_resultado_nino.xml" value="0.25" />
        <entry key="..\:/Users/Jistro/Documents/GitHub/Apps_moviles/app1/app/src/main/res/layout/activity_main.xml" value="0.20833333333333334" />
        <entry key="..\:/Users/Jistro/Documents/GitHub/Apps_moviles/guess_number/app/src/main/res/layout/activity_main.xml" value="0.22" />
        <entry key="..\:/Users/Jistro/Documents/GitHub/Apps_moviles/manejo3/app/src/main/res/layout/activity_main.xml" value="0.20833333333333334" />
      </map>
    </option>
  </component>
</application>